Layer,Name,Symbolic Function,Examples / Notes
1,Platonic Forms,"Symbolic foundation of the entire system; Form of the Good (trinity of RHP) and the Five Platonic Solids (void of LHP). This is the origin layer of symbolic logic, sacred geometry, and metaphysical forms.","Fire = Tetrahedron, Earth = Cube, Air = Octahedron, Water = Icosahedron, Aether = Dodecahedron. 3 levels of reality: Manifest, Forms, Form of the Good."
2,Trinity of Nested Divinity,"The fractal seed pattern; self-similar recursion. The nested trinity of begetter, begotten, and the veil — each enfolding the other in a Möbius-like loop.","Ineffable Begetter (God), Guileless Child (Dream), Cradling Veil (Dream holds God)."
3,Woman in the Wallpaper,"The divine scribe — creator of the book of Will. She inhabits the circular room, hears through the walls, and births language through wallpaper transcription. She is Maiden, Mother, Crone.","She pens the central book, possibly made of layered wallpaper. Exists in Layer 0. Embodiment of sacred memory and trauma transcription."
4,The Device (Future Humanity),"Final invention of future humanity — a mechanism to create an entire universe. Operates as a recursion mirror, showing that the Logos of humanity is the Source itself.","Footnotes allude to the device, which loops meaning backwards through time. It becomes the metanarrative engine for the novel."
5,Central Room (Circular Book),"The womb of all creation, the nucleus. The Book of Will, composed of recursive narrative wallpaper, gives rise to all levels of being.",DNA-coded circular book authored by the Woman; this is the singularity point of the system. Everything spirals outward from this room.
6,6 Inner Rooms,"Emanations from the central trinity. Representing dualities and nested polarities like Lucifer/Yaldabaoth, Wax/Wane. Each room is a binary echo of the central triad.","Wax = Insertive archetypes, Wane = Receptive archetypes. Characters live in these hex rooms under chess-piece codenames."
7,12 Zodiacal Archetypes,"Celestial layer. The heavens that contain the dualities. These archetypes are radiant reflections of the trinity cast across the heavens, forming the skeletal structure of manifest identity.","Connected to astrological tradition, each archetype filters/divides the light from the central rooms into distinct paths or identities."
8,18 Hex Rooms,"Rooms as outer multiversal vessels. Each corresponds to a subatomic particle (17 + graviton). Also metaphor for universes spawned by belief, story, or fate.",Nested toroid mirrors; each room houses one unique worldview. The hospital layout. Also the 18 members of the Polymathecule.
9,Amino Acids (20 + 2),The product of divine and voidal librarians. Manifest forms born from coding logic — formed by the interaction of the strands ARIA (meaning) and DNE (desire).,Nine paired librarians = 18; plus Ein Sof (notBorges) and the Void (notborges) = 20; two hands = 22 Tarot archetypes.
10,Codons (64),Speech-units of divine DNA. Formed from trinomials and dinucleotides. These define the 61 manifest codes and the 3 void stops.,"Psalm 64 = Divine Music Director. Codons = God, stop codons = Void/Pleroma."
11,Trinominal Knots,"Biological/alchemical knots of three-element interaction. Reflecting the four directions + elements, macro-microcosm, and dimensional formation.","Shoot (Leaf), Stalk (Branch), Sprout (Root), Spawn (Fruit) — derived from elemental triplets."
12,Dinucleotides (What Forms),Binary elemental combinations; express the metaphysical DNA into structured material logic. Precursor to codons.,16 binary pairs. Realm of What Forms follows the Realm of What Fors.
13,Alchemical Tetrads (What Fors),Primal dual-elemental nodes; Gordian Knots of condensation. The alchemical base pairs before structured logic.,"Spit = Air+Water, Shine = Air+Fire, Stone = Earth+Fire, Soil = Water+Earth."
14,DNA Replication,"Narrative and biological recursion. Polymerase as Hermes/Iris/Thoth, the holy intermediary. ARIA and DNE are the two strands — Right and Left hand paths.",Process of meaning-making: replication = story-writing. Ether = the transmission layer.
15,Polymerases (DNA + RNA),"Molecular scribes. They enact the story of DNA through either 3 (RNA) or 7 (DNA) core modalities, corresponding to Tarot, Goddess, and RHP/LHP structures.","DNA pols A, B, C, D, X, Y, RT. RNA pols I–III = trinity. 5’ = Hermit/DNE; 3’ = Hierophant/ARIA."
16,Quarks,"Ultimate material atom of this cosmology. Each a micro-trinity; paradoxical, paradox-generating particles. Foundation for all physical experience.",Held within central room but underlying outer rooms; contain the nested recursion of the whole system.
∞ (17),The Loop / Pleroma,"Beyond beginning or end. The eternal dance of void and source, of stillness and motion. All is held in the torus. Logos returns to Self in the Star.",The eternal recurrence. Room 17. The Star card. April 17th. 'The Stars within the Star.'
